region,nature,type,text_annonce,prix,modified_date,lien
Zone Hoteliere,Terrain,Terrain agr,Terrain 312 m  hammamet,78 000,20/03/2025,DetailsAnnonceImmobilier.asp?cod_ann=3351642
Ain Zaghouan,Location,App. 3 pièc,Appartement lumineux s2,1 700,20/03/2025,DetailsAnnonceImmobilier.asp?cod_ann=3389670
Ain Zaghouan,Vente,App. 4 pièc,S3 rdc résidence calme b,580 000,20/03/2025,DetailsAnnonceImmobilier.asp?cod_ann=3388256
Sidi Daoud,Location,App. 2 pièc,Appartement de charme da,1 400,20/03/2025,DetailsAnnonceImmobilier.asp?cod_ann=3387636
Cite Du Stade,Location,Duplex,Triplex s4 à la marsa,2 800,20/03/2025,DetailsAnnonceImmobilier.asp?cod_ann=3390710
Merkez Sahnoun,Terrain,Terrain nu,Terrain bien situé rte gremda,320 000,20/03/2025,DetailsAnnonceImmobilier.asp?cod_ann=3367673
El Haouaria,Terrain,Terrain agr,Terrain agricole de 1494,80 000,20/03/2025,DetailsAnnonceImmobilier.asp?cod_ann=3355575
Bouchoucha,Location,App. 2 pièc,Grand s1 rez de chaussee,480,20/03/2025,DetailsAnnonceImmobilier.asp?cod_ann=3287476
Marsa Safsaf,Location,App. 2 pièc,Super s1 tres propre meu,1 200,20/03/2025,DetailsAnnonceImmobilier.asp?cod_ann=3368709
Cite Touristiqu,Terrain,Terrain nu,Terrain pieds ds eau 400,240 000,20/03/2025,DetailsAnnonceImmobilier.asp?cod_ann=3354168
Marsa Safsaf,Location,App. 4 pièc,Appartement luxe meuble,2 500,20/03/2025,DetailsAnnonceImmobilier.asp?cod_ann=3330710
Mutuelle Ville,Location,App. 2 pièc,Studio haut standing meu,1 400,20/03/2025,DetailsAnnonceImmobilier.asp?cod_ann=3379939
El Haouaria,Vente,App. 4 pièc,Maison arabi dans 362m2,140 000,20/03/2025,DetailsAnnonceImmobilier.asp?cod_ann=3351540
Raoued,Vente,Autre,Terrain clôturé à raoued plag,395 000,20/03/2025,DetailsAnnonceImmobilier.asp?cod_ann=3313122
Megrine Coteau,Location,Maisons,Maison de ville,1 800,20/03/2025,DetailsAnnonceImmobilier.asp?cod_ann=3387760
Le Bardo,Terrain,Terrain nu,A ne pas rater 2,1 000 000,20/03/2025,DetailsAnnonceImmobilier.asp?cod_ann=3370265
Megrine Coteau,Location,Maisons,Villa indépendante a meg,3 000,20/03/2025,DetailsAnnonceImmobilier.asp?cod_ann=3384804
Chala,Terrain,Terrain nu,A ne pas rater 1,1 155 662,20/03/2025,DetailsAnnonceImmobilier.asp?cod_ann=3370263
Hammamet,Vente,App. 1 pièc,Appartement  afh mrezgua,225 000,20/03/2025,DetailsAnnonceImmobilier.asp?cod_ann=3362065
Monfleury,Vente,Maisons,Maison au montfleury,800 000,20/03/2025,DetailsAnnonceImmobilier.asp?cod_ann=3388760
Ben Arous,Vente,App. 2 pièc,Un bon placement,180 000,20/03/2025,DetailsAnnonceImmobilier.asp?cod_ann=3390709
Borj Touil,Vente,Maisons,Maisons borj touil,330 000,20/03/2025,DetailsAnnonceImmobilier.asp?cod_ann=3180608
Chorfech,Vente,Maisons,Terrain maisons chorfech,440 000,20/03/2025,DetailsAnnonceImmobilier.asp?cod_ann=3338278
Cebalet Ben Amm,Terrain,Terrain nu,Terrain nu cebalet ben ammar,692 250,20/03/2025,DetailsAnnonceImmobilier.asp?cod_ann=3302572
La Soukra,Location,Maisons,S1 meublé a soukra,550,20/03/2025,DetailsAnnonceImmobilier.asp?cod_ann=2986014
La Soukra,Location,App. 3 pièc,S2 meublé a soukra par s,1 600,20/03/2025,DetailsAnnonceImmobilier.asp?cod_ann=3127344
La Soukra,Location,App. 1 pièc,S1 totalement meublé,600,20/03/2025,DetailsAnnonceImmobilier.asp?cod_ann=3036013
Cite Ennasr 2,Location,App. 5 pièc,Appart s4 haut standing,3 000,20/03/2025,DetailsAnnonceImmobilier.asp?cod_ann=3382896
El Manar 2,Location,App. 3 pièc,Rez de jardin s2 avec te,1 100,20/03/2025,DetailsAnnonceImmobilier.asp?cod_ann=3387583
Le Bardo,Location,App. 3 pièc,Un étage de villa  à bardo,900,20/03/2025,DetailsAnnonceImmobilier.asp?cod_ann=3371749
El Yasmina,Location,App. 2 pièc,Appt s1 meuble indépenda,350,20/03/2025,DetailsAnnonceImmobilier.asp?cod_ann=3390708
Le Kram Ouest,Bureaux & Commer,Surfaces,Super occasion terrain 7,400 000,20/03/2025,DetailsAnnonceImmobilier.asp?cod_ann=3288850
Salambo,Location,App. 3 pièc,Rdc indépendant avec jar,1 000,20/03/2025,DetailsAnnonceImmobilier.asp?cod_ann=3352516
Salambo,Location,App. 3 pièc,Rez chaussée s2 meuble p,1 500,20/03/2025,DetailsAnnonceImmobilier.asp?cod_ann=3370102
El Yasmina,Location,App. 3 pièc,S2 tres propre rue princ,550,20/03/2025,DetailsAnnonceImmobilier.asp?cod_ann=3368712
Berge Du Lac,Location,App. 2 pièc,S1 meuble au lac1,1 300,20/03/2025,DetailsAnnonceImmobilier.asp?cod_ann=3386239
Berge Du Lac,Location,App. 3 pièc,S2 cote ambassade canada,2 000,20/03/2025,DetailsAnnonceImmobilier.asp?cod_ann=3386261
Cite Mohamed Al,Location,App. 3 pièc,S2 meuble a carthage moh,1 000,20/03/2025,DetailsAnnonceImmobilier.asp?cod_ann=3389717
Cite Du Stade,Vente,Maisons,Villa a la marsa,1 000 000,20/03/2025,DetailsAnnonceImmobilier.asp?cod_ann=3348959
Cite Des Juges,Location,App. 4 pièc,Appartement a la marsa city n,1 200,20/03/2025,DetailsAnnonceImmobilier.asp?cod_ann=3386116
Marsa Ennassim,Vente,Maisons,Maison a ennasim la marsa,2 235 000,20/03/2025,DetailsAnnonceImmobilier.asp?cod_ann=3363649
Zouaouine,Terrain,Terrain agr,Terrain agricole zouaouine,650 000,20/03/2025,DetailsAnnonceImmobilier.asp?cod_ann=3293318
Cite Ennasr 2,Bureaux & Commer,Bureau,Bureau a3 haut standing,2 400,20/03/2025,DetailsAnnonceImmobilier.asp?cod_ann=3322059
Mutuelle Ville,Location,Duplex,Duplex s5 haut standing,4 500,20/03/2025,DetailsAnnonceImmobilier.asp?cod_ann=3377018
El Manar 1,Location,Duplex,Duplex s1 meublé à manar,650,20/03/2025,DetailsAnnonceImmobilier.asp?cod_ann=3377507
Bab Bhar,Location,App. 2 pièc,Maison meuble avec terra,750,20/03/2025,DetailsAnnonceImmobilier.asp?cod_ann=3378877
Denden,Location,App. 2 pièc,Maisonnette independante,300,20/03/2025,DetailsAnnonceImmobilier.asp?cod_ann=3348070
Republique,Vente,Surfaces,Local 20m2 fond et murs,120 000,20/03/2025,DetailsAnnonceImmobilier.asp?cod_ann=3348957
Cite Oplympique,Location,App. 1 pièc,S0 seml meuble residence,600,20/03/2025,DetailsAnnonceImmobilier.asp?cod_ann=3382209
Borj Touil,Terrain,Terrain nu,Terrain nu borj touil,125 000,20/03/2025,DetailsAnnonceImmobilier.asp?cod_ann=3331790
El Mahfoura,Terrain,Terrain nu,Terrain nu tebourba elmahfour,1 650 000,20/03/2025,DetailsAnnonceImmobilier.asp?cod_ann=3356044
Sidi Mansour,Terrain,Terrain nu,Terrain viabilisé de 636,150 000,20/03/2025,DetailsAnnonceImmobilier.asp?cod_ann=3390707
Chorfech,Vente,Maisons,Maisons chorfech,380 000,20/03/2025,DetailsAnnonceImmobilier.asp?cod_ann=3213325
Cite De La Plag,Location,App. 3 pièc,Bureau à loyer,1 250,20/03/2025,DetailsAnnonceImmobilier.asp?cod_ann=3390706
Hedi Chaker,Location,App. 1 pièc,S0 vide lafayette,550,20/03/2025,DetailsAnnonceImmobilier.asp?cod_ann=3390704
La Soukra,Terrain,Terrain nu,Opportunité a saisir ter,375 000,20/03/2025,DetailsAnnonceImmobilier.asp?cod_ann=3364385
Gammart,Location,App. 4 pièc,Maison avec tres grand j,4 450,20/03/2025,DetailsAnnonceImmobilier.asp?cod_ann=3259325
Cartage Byrsa,Location,App. 3 pièc,Maisonnette de plein pie,2 300,20/03/2025,DetailsAnnonceImmobilier.asp?cod_ann=3356394
Gammart,Location,Maisons,Villa piscine vue mer ja,9 000,20/03/2025,DetailsAnnonceImmobilier.asp?cod_ann=3355757
La Soukra,Vente,App. 3 pièc,New appartement,325 000,20/03/2025,DetailsAnnonceImmobilier.asp?cod_ann=3256606
Cartage Plage,Location,Maisons,Une belle demeure quarti,4 900,20/03/2025,DetailsAnnonceImmobilier.asp?cod_ann=3355751
Gammart,Location,Maisons,Villa de maitre avec tre,6 000,20/03/2025,DetailsAnnonceImmobilier.asp?cod_ann=3338358
Gammart,Location,Maisons,Villa de maitre avec jar,5 950,20/03/2025,DetailsAnnonceImmobilier.asp?cod_ann=3201712
Marsa Safsaf,Location,Maisons,Maison avec terrasse et,4 500,20/03/2025,DetailsAnnonceImmobilier.asp?cod_ann=3355790
Chatt Meriem,Location vacance,Maisons,Etage s3 de pittoresque,140,20/03/2025,DetailsAnnonceImmobilier.asp?cod_ann=2584899
Chatt Meriem,Location vacance,Maisons,Rez de jardin s1 de char,300,20/03/2025,DetailsAnnonceImmobilier.asp?cod_ann=2585498
Cite Touristiqu,Terrain,Terrain nu,Terrain de 529m2 a la pl,265 000,20/03/2025,DetailsAnnonceImmobilier.asp?cod_ann=3390466
Dar Allouche,Terrain,Terrain nu,Terrain pieds dans l'eau,342 000,20/03/2025,DetailsAnnonceImmobilier.asp?cod_ann=3370256
El Haouaria,Vente,App. 4 pièc,Maison arabi dans 216m2,85 000,20/03/2025,DetailsAnnonceImmobilier.asp?cod_ann=3351723
Habib Thameur,Vente,App. 4 pièc,Appartement passage,200 000,20/03/2025,DetailsAnnonceImmobilier.asp?cod_ann=3150000
Habib Thameur,Location,App. 3 pièc,Apprt passage,800,20/03/2025,DetailsAnnonceImmobilier.asp?cod_ann=3299339
Berge Du Lac,Location,App. 5 pièc,Pour étranger s4 meublé,2 200,20/03/2025,DetailsAnnonceImmobilier.asp?cod_ann=3369853
Cite Ennasr 2,Location,App. 2 pièc,Très propre s1 meublé po,1 200,20/03/2025,DetailsAnnonceImmobilier.asp?cod_ann=3288983
Bab El Assel,Location,App. 2 pièc,S1 neuf meublé,900,20/03/2025,DetailsAnnonceImmobilier.asp?cod_ann=3369590
Cite Touristiqu,Terrain,Terrain nu,Terrain de 3740m2 a la p,150 000,20/03/2025,DetailsAnnonceImmobilier.asp?cod_ann=3390701
Cite Touristiqu,Terrain,Terrain nu,Terrain a la plage de 30,130 000,20/03/2025,DetailsAnnonceImmobilier.asp?cod_ann=3351585
Ezzahra,Terrain,Terrain nu,Terrain de 5000m2 la pla,350 000,20/03/2025,DetailsAnnonceImmobilier.asp?cod_ann=3357085
El Manar 1,Location,App. 2 pièc,Un appartement a manar1,1 000,20/03/2025,DetailsAnnonceImmobilier.asp?cod_ann=3390700
Marsa Safsaf,Terrain,Terrain nu,Terrain à sidi abdelaziz la m,9 600 000,20/03/2025,DetailsAnnonceImmobilier.asp?cod_ann=3353794
Cite Des Juges,Vente,App. 4 pièc,Appartement rdc a la marsa,480 000,20/03/2025,DetailsAnnonceImmobilier.asp?cod_ann=3387542
Cite Du Stade,Vente,Maisons,Maison a la marsa ville,1 400 000,20/03/2025,DetailsAnnonceImmobilier.asp?cod_ann=3344411
Kheireddine Pac,Bureaux & Commer,Surfaces,Local à montplaisir,950 000,20/03/2025,DetailsAnnonceImmobilier.asp?cod_ann=3325085
Riadh Landlous,Terrain,Terrain nu,Terrain r6 riadh landalo,4 900 000,20/03/2025,DetailsAnnonceImmobilier.asp?cod_ann=3365913
El Menzah 5,Vente,Maisons,Villa neuve à menzah 5,2 200 000,20/03/2025,DetailsAnnonceImmobilier.asp?cod_ann=3370932
Charguia 1,Bureaux & Commer,Atelier,Usine à charguia 1,2 500 000,20/03/2025,DetailsAnnonceImmobilier.asp?cod_ann=3353565
Cite Ennasr 2,Vente,App. 3 pièc,Appt s2 à ennasr 2,220 000,20/03/2025,DetailsAnnonceImmobilier.asp?cod_ann=3338987
El Aouina,Terrain,Terrain nu,Terrains l'aouina,680 000,20/03/2025,DetailsAnnonceImmobilier.asp?cod_ann=3255668
El Menzah 6,Bureaux & Commer,Bureau,Bureau a4 au coeur de me,1 100,20/03/2025,DetailsAnnonceImmobilier.asp?cod_ann=3341480
Raoued,Terrain,Terrain nu,Raoued echatt vnt ter 335 m2,80 000,20/03/2025,DetailsAnnonceImmobilier.asp?cod_ann=3333153
Cite Ennasr 2,Location,App. 2 pièc,Appart s1 meublé avec te,1 350,20/03/2025,DetailsAnnonceImmobilier.asp?cod_ann=3387593
El Aouina,Location,Maisons,Ain zaghouen nord loc et,1 700,20/03/2025,DetailsAnnonceImmobilier.asp?cod_ann=3389356
Ain Zaghouan,Location,App. 2 pièc,Appart s1 meublé à ain z,1 450,20/03/2025,DetailsAnnonceImmobilier.asp?cod_ann=3386634
Ariana Essoughr,Bureaux & Commer,Fond de Com,Ariana soghra vnt fc sal,280 000,20/03/2025,DetailsAnnonceImmobilier.asp?cod_ann=3375203
Tazarka,Location vacance,Maisons,Belle villa dar louzir,700,20/03/2025,DetailsAnnonceImmobilier.asp?cod_ann=3268467
Montplaisir,Bureaux & Commer,Bureau,Bureau h3 à côté de,1 350,20/03/2025,DetailsAnnonceImmobilier.asp?cod_ann=3389139
Sidi Thabet,Vente,Maisons,Sidi thabet vnt villa,470 000,20/03/2025,DetailsAnnonceImmobilier.asp?cod_ann=3382981
Ariana Essoughr,Vente,App. 4 pièc,Ariana soghra vnt s3 135m2,360 000,20/03/2025,DetailsAnnonceImmobilier.asp?cod_ann=3315661
Cite El Ghazala,Vente,App. 4 pièc,La ghazelle vnt s3 ref 2,290 000,20/03/2025,DetailsAnnonceImmobilier.asp?cod_ann=3385945
Sidi Bousaid,Location,Duplex,Duplex s3 avec terrasses,2 800,20/03/2025,DetailsAnnonceImmobilier.asp?cod_ann=3238047
Marsa Safsaf,Location,App. 3 pièc,Appartement meuble haut,3 900,20/03/2025,DetailsAnnonceImmobilier.asp?cod_ann=3384178
Sidi Daoud,Location,Maisons,Villa jumelée ssd c,4 000,20/03/2025,DetailsAnnonceImmobilier.asp?cod_ann=3146416
Gammart,Location,Maisons,Villa  gammarth,8 000,20/03/2025,DetailsAnnonceImmobilier.asp?cod_ann=3150439
Sidi Daoud,Location,App. 3 pièc,Etage de villa s2,1 500,20/03/2025,DetailsAnnonceImmobilier.asp?cod_ann=3349162
Cartage Byrsa,Location,Maisons,Villa s4 a carthage,6 000,20/03/2025,DetailsAnnonceImmobilier.asp?cod_ann=3349154
Marsa Ennassim,Location,App. 4 pièc,Appart s3 avec jardin a,4 800,20/03/2025,DetailsAnnonceImmobilier.asp?cod_ann=3332385
Gammart,Location,App. 3 pièc,Appartement s2 rdc avec,1 900,20/03/2025,DetailsAnnonceImmobilier.asp?cod_ann=3280027
Marsa Safsaf,Location,Maisons,Triplex s3 meublé à la m,4 200,20/03/2025,DetailsAnnonceImmobilier.asp?cod_ann=3311400
La Soukra,Vente,Maisons,Bonne occasion,40 000,20/03/2025,DetailsAnnonceImmobilier.asp?cod_ann=3389084
Khaznadar,Vente,Duplex,Bonne occasion bardo,12 000,20/03/2025,DetailsAnnonceImmobilier.asp?cod_ann=3389085
Chouchet Rades,Terrain,Terrain nu,Lot de terrain  à chouchet ra,320 000,20/03/2025,DetailsAnnonceImmobilier.asp?cod_ann=3302366
El Manar 1,Location,Maisons,Villa s8 avec jardin à m,4 000,20/03/2025,DetailsAnnonceImmobilier.asp?cod_ann=3390280
Bou Kornine,Terrain,Terrain nu,Terrain a hammam lif,380 000,20/03/2025,DetailsAnnonceImmobilier.asp?cod_ann=3390699
Rades Plage,Vente,App. 2 pièc,Villa a rades plage,51 000,20/03/2025,DetailsAnnonceImmobilier.asp?cod_ann=3390698
La Mannouba,Terrain,Terrain nu,Terrain sur les bails,820 000,20/03/2025,DetailsAnnonceImmobilier.asp?cod_ann=3386387
Hammamet,Location,App. 1 pièc,S0 meublé a la cit a,450,20/03/2025,DetailsAnnonceImmobilier.asp?cod_ann=3390697
Berge Du Lac,Location,App. 2 pièc,Appartement meublé lac2,1 850,20/03/2025,DetailsAnnonceImmobilier.asp?cod_ann=3383703
Jardins de Cart,Location,App. 3 pièc,Appartement meublé au la,2 600,20/03/2025,DetailsAnnonceImmobilier.asp?cod_ann=3390696
Sidi Daoud,Location,App. 2 pièc,Bureau au rdc,700,20/03/2025,DetailsAnnonceImmobilier.asp?cod_ann=3384210
Marsa Safsaf,Vente,Maisons,Villa à démolir,700 000,20/03/2025,DetailsAnnonceImmobilier.asp?cod_ann=3390695
Jardins de Cart,Location,Autre,Villa à usage commercial,10 000,20/03/2025,DetailsAnnonceImmobilier.asp?cod_ann=3390694
Montplaisir,Bureaux & Commer,Bureau,Bureau en 6espaces 168m,3 000,20/03/2025,DetailsAnnonceImmobilier.asp?cod_ann=3381645
Charguia 2,Bureaux & Commer,Bureau,Bureau haut standing en,3 500,20/03/2025,DetailsAnnonceImmobilier.asp?cod_ann=3384611
El Menzah 5,Bureaux & Commer,Bureau,Al villa indépendante et,4 000,20/03/2025,DetailsAnnonceImmobilier.asp?cod_ann=3383979
Hammamet,Location vacance,Maisons,Villa zayna,5 700,20/03/2025,DetailsAnnonceImmobilier.asp?cod_ann=3390692
Cite Ennasr 2,Location,App. 2 pièc,Appart s1 meublé neuf à,1 250,20/03/2025,DetailsAnnonceImmobilier.asp?cod_ann=3379794
Cite Ennasr 2,Location,App. 2 pièc,Appart s1 meublé avec pa,1 050,20/03/2025,DetailsAnnonceImmobilier.asp?cod_ann=3388194
Cite Ennasr 2,Location,App. 2 pièc,Appart s1 haut standing,850,20/03/2025,DetailsAnnonceImmobilier.asp?cod_ann=3390460
Denden,Location,App. 2 pièc,Appartement,600,20/03/2025,DetailsAnnonceImmobilier.asp?cod_ann=3390691
Bab Bhar,Location,App. 3 pièc,Partage appartement,220,20/03/2025,DetailsAnnonceImmobilier.asp?cod_ann=3390091
Ibn Sina,Location,App. 2 pièc,Joli appart s2,550,20/03/2025,DetailsAnnonceImmobilier.asp?cod_ann=3390690
El Mourouj,Location,App. 3 pièc,Rd jardin meublée,600,20/03/2025,DetailsAnnonceImmobilier.asp?cod_ann=3315950
El Mourouj,Vente,App. 4 pièc,Appartement mourouj 3 2 étage,170 000,20/03/2025,DetailsAnnonceImmobilier.asp?cod_ann=3321031
Cite Des Juges,Location,App. 2 pièc,Appartement s1 meuble a,1 750,20/03/2025,DetailsAnnonceImmobilier.asp?cod_ann=3311397
Gammart,Location,Maisons,Villa meublé avec piscin,8 000,20/03/2025,DetailsAnnonceImmobilier.asp?cod_ann=3277531
Marsa Ennassim,Location,App. 4 pièc,Appartement s3 avec jard,3 200,20/03/2025,DetailsAnnonceImmobilier.asp?cod_ann=3290293
Dar Allouche,Terrain,Terrain nu,Terrain  dar allouch,480 000,20/03/2025,DetailsAnnonceImmobilier.asp?cod_ann=3318983
Cite Du Stade,Location,App. 3 pièc,Apprt s2 la marsa stade,1 450,20/03/2025,DetailsAnnonceImmobilier.asp?cod_ann=3151978
Cite Du Stade,Location,App. 3 pièc,Appartement s3 haut stan,1 700,20/03/2025,DetailsAnnonceImmobilier.asp?cod_ann=3164113
Carthage,Location,Maisons,Villa carthage c,9 000,20/03/2025,DetailsAnnonceImmobilier.asp?cod_ann=3151021
Cite Ennasr 2,Location,App. 2 pièc,Un appartement s 1 cité,800,20/03/2025,DetailsAnnonceImmobilier.asp?cod_ann=3390081
Gammart,Location,Maisons,Villa gammarth me,7 500,20/03/2025,DetailsAnnonceImmobilier.asp?cod_ann=3147946
Carthage,Location,Maisons,Villa carthage by,6 800,20/03/2025,DetailsAnnonceImmobilier.asp?cod_ann=3142522
Marsa Ennassim,Location,App. 4 pièc,Appart proche du lycée f,3 200,20/03/2025,DetailsAnnonceImmobilier.asp?cod_ann=3387777
El Aouina,Location,App. 1 pièc,Loc s1 meublé,1 500,20/03/2025,DetailsAnnonceImmobilier.asp?cod_ann=3390689
Berge Du Lac,Location,App. 2 pièc,Bel appartement aux berg,1 100,20/03/2025,DetailsAnnonceImmobilier.asp?cod_ann=3383408
Sakiet Ezzit,Vente,Maisons,Villa ben hamédou,300 000,20/03/2025,DetailsAnnonceImmobilier.asp?cod_ann=3323337
Kairouan Sud,Terrain,Terrain nu,Terrain de 5560 m à kair,250 000,20/03/2025,DetailsAnnonceImmobilier.asp?cod_ann=3320862
Le Bardo,Vente,Maisons,Maison à bardo,360 000,20/03/2025,DetailsAnnonceImmobilier.asp?cod_ann=3320865
Merkez Chihya,Terrain,Terrain nu,Terrain bonne occasion,222 334,20/03/2025,DetailsAnnonceImmobilier.asp?cod_ann=3305359
El Mourouj,Location,App. 2 pièc,Apprt haut standing mrj4,750,20/03/2025,DetailsAnnonceImmobilier.asp?cod_ann=3390551
El Mourouj,Vente,Maisons,Maison trois niveaux,225 000,20/03/2025,DetailsAnnonceImmobilier.asp?cod_ann=3354471
El Mourouj,Vente,Maisons,Maison r 2 mrj 3,360 000,20/03/2025,DetailsAnnonceImmobilier.asp?cod_ann=3340637
La Soukra,Location,App. 2 pièc,S1 meublé a tunis,550,20/03/2025,DetailsAnnonceImmobilier.asp?cod_ann=2964641
La Soukra,Location,Maisons,S2 meublé a soukra 90 d,600,20/03/2025,DetailsAnnonceImmobilier.asp?cod_ann=2955019
La Soukra,Location,App. 1 pièc,S1 meublé la soukra,600,20/03/2025,DetailsAnnonceImmobilier.asp?cod_ann=2955015
El Aouina,Location,App. 2 pièc,S2 à laouina coté café d,980,20/03/2025,DetailsAnnonceImmobilier.asp?cod_ann=3390688
Cite Ennasr 2,Location,App. 2 pièc,Un joli rdj s1 à ennasr,1 000,20/03/2025,DetailsAnnonceImmobilier.asp?cod_ann=3390687
El Aouina,Location,App. 3 pièc,S2 à laouina coté downto,980,20/03/2025,DetailsAnnonceImmobilier.asp?cod_ann=3390686
Cite Du Stade,Location,App. 4 pièc,Agréable appartement s3 côté,2 300,20/03/2025,DetailsAnnonceImmobilier.asp?cod_ann=3375112
El Aouina,Location,App. 2 pièc,Suite à wahat appartement neu,950,20/03/2025,DetailsAnnonceImmobilier.asp?cod_ann=3388401
El Aouina,Location,App. 3 pièc,S2 neuf jamais habité aux jar,1 500,20/03/2025,DetailsAnnonceImmobilier.asp?cod_ann=3383552
Zone Industriel,Bureaux & Commer,Atelier,Usine industrielle aux zone i,20 000,20/03/2025,DetailsAnnonceImmobilier.asp?cod_ann=3347983
El Mourouj,Location,App. 3 pièc,Mourouj 4 maison indépendante,500,20/03/2025,DetailsAnnonceImmobilier.asp?cod_ann=3386751
Cite Du Stade,Location,App. 4 pièc,Bel appartement s3 côté café,2 300,20/03/2025,DetailsAnnonceImmobilier.asp?cod_ann=3375091
Ariana,Bureaux & Commer,Atelier,Batiment sur la route princip,10 000,20/03/2025,DetailsAnnonceImmobilier.asp?cod_ann=3367829
El Menzah 9,Location,App. 2 pièc,Appart s1 haut standing,1 000,20/03/2025,DetailsAnnonceImmobilier.asp?cod_ann=3390458
Cite Ennasr 2,Location,App. 2 pièc,Appart s1 meublé à ennas,1 100,20/03/2025,DetailsAnnonceImmobilier.asp?cod_ann=3386111
Cite Ennasr 2,Location,App. 3 pièc,Appart s2 meublé avec te,1 300,20/03/2025,DetailsAnnonceImmobilier.asp?cod_ann=3381951
Hedi Chaker,Vente,App. 3 pièc,Réf 96v appartement s2 aux la,240 000,20/03/2025,DetailsAnnonceImmobilier.asp?cod_ann=3370583
Cite Du Stade,Vente,App. 3 pièc,Réf 81v coquette appartement,480 000,20/03/2025,DetailsAnnonceImmobilier.asp?cod_ann=3348360
Hammamet,Vente,Duplex,Réf 74v une magnifique duplex,650 000,20/03/2025,DetailsAnnonceImmobilier.asp?cod_ann=3361332
Carthage,Location,Maisons,Villa s5 avec piscine a,8 000,20/03/2025,DetailsAnnonceImmobilier.asp?cod_ann=3383199
Jardins de Cart,Location,Maisons,Villa aux jardins de car,6 500,20/03/2025,DetailsAnnonceImmobilier.asp?cod_ann=3385083
Marsa Ennassim,Location,App. 3 pièc,Appart s2 meublé a la ma,2 000,20/03/2025,DetailsAnnonceImmobilier.asp?cod_ann=3388779
Riadh Landlous,Location,App. 2 pièc,S1 et s0 avec grande ter,880,20/03/2025,DetailsAnnonceImmobilier.asp?cod_ann=3385584
Jardins de Cart,Location,Duplex,Triplex au jardins de ca,4 000,20/03/2025,DetailsAnnonceImmobilier.asp?cod_ann=3231645
Berge Du Lac,Location,Maisons,Villa avec ascenseur  la,10 000,20/03/2025,DetailsAnnonceImmobilier.asp?cod_ann=3163147
El Mourouj,Vente,App. 3 pièc,Appartement saif,140 000,20/03/2025,DetailsAnnonceImmobilier.asp?cod_ann=3274168
Cite Du Stade,Location,App. 4 pièc,Appartement haut standin,3 000,20/03/2025,DetailsAnnonceImmobilier.asp?cod_ann=3163691
Gammart,Location,Maisons,Villa s4 vue sur mer à g,7 500,20/03/2025,DetailsAnnonceImmobilier.asp?cod_ann=3284668
Ain Zaghouan,Location,App. 3 pièc,Rez de jardin  a ain zag,1 350,20/03/2025,DetailsAnnonceImmobilier.asp?cod_ann=3343579
El Mourouj,Vente,Maisons,Villa mourouj 6,750 000,20/03/2025,DetailsAnnonceImmobilier.asp?cod_ann=3345474
Berge Du Lac,Location,Duplex,Duplex meublé lac 2,4 000,20/03/2025,DetailsAnnonceImmobilier.asp?cod_ann=3343578
Cite Ennasr 2,Location,App. 3 pièc,S2 manzeh 9c,1 150,20/03/2025,DetailsAnnonceImmobilier.asp?cod_ann=3387812
Naassen,Vente,Surfaces,Ferme à naasseen,920 000,20/03/2025,DetailsAnnonceImmobilier.asp?cod_ann=3275206
Cite Ennasr 2,Location,App. 2 pièc,S2 à manzeh 9c,1 150,20/03/2025,DetailsAnnonceImmobilier.asp?cod_ann=3387813
Bab Saadoun,Vente,Autre,6 appartements,580 000,20/03/2025,DetailsAnnonceImmobilier.asp?cod_ann=3378899
El Aouina,Location,App. 5 pièc,Propriétaire l s4 meublé,2 200,20/03/2025,DetailsAnnonceImmobilier.asp?cod_ann=3298286
Cite Ennasr 2,Location,App. 1 pièc,Particulier l s1meublé e,1 200,20/03/2025,DetailsAnnonceImmobilier.asp?cod_ann=3307891
La Mannouba,Terrain,Terrain nu,Terrain nu la manouba,2 557 500,20/03/2025,DetailsAnnonceImmobilier.asp?cod_ann=3367343
Hammam Sousse,Vente,Maisons,Maison pour famille,160 000,20/03/2025,DetailsAnnonceImmobilier.asp?cod_ann=3114284
Sidi Thabet,Vente,Maisons,Maisons sidi thabet,500 000,20/03/2025,DetailsAnnonceImmobilier.asp?cod_ann=3349559
